YearsExperience,Salary
0.5,29442
0.7959183673469388,27730
1.0918367346938775,33238
1.3877551020408163,39283
1.683673469387755,32237
